log_prob_true,time_log_prob,loss,log_prob,val_log_prob_true,val_time_log_prob,val_loss,val_log_prob,val_loss_jacobian_x,val_loss_jacobian_u,epoch,step,time_sample_obs,mmd_obs,log_prob_p,kl_distance,val_time_sample_obs,val_mmd_obs,val_log_prob_p,val_kl_distance
-6.1769890785217285,2.6259422302246094,9.669700622558594,-9.669700622558594,-6.1769890785217285,2.6259422302246094,9.669700622558594,-9.669700622558594,0.0,nan,0,0,,,,,,,,
-6.1769890785217285,2.590179443359375,9.533531188964844,-9.533531188964844,-6.1769890785217285,2.590179443359375,9.533531188964844,-9.533531188964844,,,1,1,9.08803939819336,0.006096005439758301,-39.54961395263672,33.465843200683594,9.08803939819336,0.006096005439758301,-39.54961395263672,33.465843200683594
-6.1769890785217285,2.7618408203125,9.407716751098633,-9.407716751098633,-6.1769890785217285,2.7618408203125,9.407716751098633,-9.407716751098633,,,2,2,,,,,,,,
-6.1769890785217285,3.154277801513672,9.288674354553223,-9.288674354553223,-6.1769890785217285,3.154277801513672,9.288674354553223,-9.288674354553223,,,3,3,,,,,,,,
