log_prob_true,time_log_prob,loss,log_prob,val_log_prob_true,val_time_log_prob,val_loss,val_log_prob,val_loss_jacobian_x,val_loss_jacobian_u,epoch,step
-4.410861492156982,2.5768282413482666,7.62952995300293,-7.62952995300293,-4.410861492156982,2.5768280029296875,7.62952995300293,-7.62952995300293,0.0,nan,0,0
