{"val": {"log_prob_true": -7.143463134765625, "time_log_prob": 0.9380340576171875, "loss": 8.893267631530762, "log_prob": -8.893267631530762}, "epoch": 9, "_timestamp": 1707732389.604643, "train": {"loss": 6.604535102844238, "log_prob": -6.605222702026367, "time_forward": 0.6357157230377197, "lr": 0.001}, "_runtime": 6.779507160186768, "_step": 9, "_wandb": {"runtime": 35}}