{"val": {"log_prob_true": -7.143463134765625, "time_log_prob": 0.7231712341308594, "loss": 8.893267631530762, "log_prob": -8.893267631530762}, "epoch": 9, "_timestamp": 1707732326.506422, "train": {"loss": 6.604535102844238, "log_prob": -6.605222702026367, "time_forward": 0.5768730640411377, "lr": 0.001}, "_runtime": 5.903718948364258, "_step": 9, "_wandb": {"runtime": 31}}